avg(cal),label
1206.527917,13
1597.124867,1
1887.730632,4
1795.598654,3
1501.122729,0
1006.721986,12
1704.108252,2
1410.376046,14
1609.924175,15
1812.786018,16
2008.136122,17
2395.780413,19
2211.132341,5
2401.814078,6
2192.572271,18
2484.096831,7
2610.273622,20
2915.051622,22
2798.601895,21
2395.388067,29
2098.215529,27
2785.640593,31
2497.53109,30
2006.162833,26
2193.941212,28
